Actual Value,Predicted Value
1,79.8819394492
2,81.6566827043
3,84.6343840428
4,88.1926496841
5,79.8664859325
6,84.4003285111
7,86.2385657589
8,56.6325488791
9,65.2424892084
10,86.1314281347
11,71.841132013
12,82.0360149062
13,70.9634703831
14,71.6107264086
15,73.7715730273
16,76.6304690107
17,89.0848704608
18,75.0409812606
19,77.849798774
20,78.9334572793
21,81.1844115353
22,83.3559592314
23,69.2046577491
24,74.5672103772
25,82.5013327646
26,83.842437023
27,75.5029534284
28,88.6403023578
29,89.125338224
30,86.64069378
31,76.7633454618
32,89.2589622472
33,82.4860824874
34,83.2736447806
35,71.7826104017
36,83.4471367177
37,73.2069524469
38,85.9268435129
39,79.4512334841
40,74.0235223626
41,78.3703589059
42,85.9080264417
43,87.4677699895
44,93.1293582896
45,77.135041142
46,81.7959687252
47,84.8314954698
48,77.6119824944
49,82.744541183
50,65.8140810075
51,73.6589471204
52,82.9639564745
53,93.2935347173
54,75.890019213
55,92.3505583398
56,94.4670662589
57,77.6874524007
58,79.1904926618
59,80.1415204669
60,86.158577026
61,67.2452304854
62,93.5637219096
63,92.9800546453
64,92.0195906783
65,82.6455447883
66,68.843117553
67,96.7726142513
68,87.617958983
69,77.8114499986
70,76.910432379
71,76.2903398077
72,91.7777391873
73,86.5660051287
74,79.5669430813
75,75.5438018614
76,89.8028027407
77,79.2424856081
78,90.6090245888
79,93.0730897877
80,97.7806253515
81,85.1912740577
82,76.9301450486
83,92.9967858328
84,86.5021416262
85,79.6485615007
86,84.4769245542
87,91.7686586965
88,91.6131566146
89,99.6987583729
90,79.0575922472
91,81.2913007198
92,83.6328510765
93,89.4365500969
94,65.83486467
95,86.0715161609
96,94.5100216528
97,86.7660940064
98,99.1328421514
99,101.68274831
100,86.1814588878
101,87.7417483625
102,88.6576144896
103,93.407191048
104,93.7230622141
105,78.3330784289
106,92.8544461587
107,101.024351202
108,95.0875932866
109,96.1380672224
110,92.6808143534
111,96.5215588634
112,87.0892774935
113,89.7949275145
114,104.120673189
115,110.982317605
116,90.2807542177
117,98.3493477836
118,101.092420147
119,118.042326153
120,99.8010925708
121,95.4906070936
122,104.791303047
123,98.2352834972
124,109.713991482
125,87.940589909
126,102.931398879
127,109.975224359
128,107.217537355
129,106.38028718
130,111.151180398
131,118.37998307
132,98.5459859891
133,102.947289655
134,92.1531882342
135,95.5690153391
136,105.376043275
137,105.941914526
138,90.2277012612
139,110.959551897
140,110.395911589
141,104.418454789
142,123.1414754
143,116.335858838
144,113.685016029
145,108.984275525
146,105.014679124
147,89.237310197
148,110.021174552
149,120.004731234
150,117.959215974
151,114.040127004
152,111.60892953
153,96.4049014066
154,107.453840478
155,113.382081908
156,99.1449001139
157,123.400373037
158,123.272750594
159,111.540397718
160,111.464179914
161,116.719580731
162,110.697960981
163,118.176989199
164,132.760490698
165,122.353415376
166,105.088235547
167,124.40612192
168,131.619564193
169,123.737175105
170,121.857027241
171,113.025401975
172,125.096777011
173,122.217474409
174,118.155245892
175,136.57266747
176,130.179279892
177,132.421430971
178,129.929307776
179,132.134653632
180,130.374487509
181,130.320105194
182,141.012777478
183,116.119821204
184,133.13240596
185,135.815577855
186,134.653842065
187,132.820330819
188,132.666980702
189,140.999514793
190,133.432490055
191,147.837902792
192,142.583503203
193,141.307112214
194,148.363582285
195,142.848211678
196,138.639185003
197,157.65668821
198,143.03031978
199,163.101736277
200,135.376598015
201,152.076357013
202,137.084268388
203,157.741569733
204,147.835014279
205,146.731671164
206,144.565087069
207,167.509333402
208,152.690242893
209,163.711709446
210,154.160935458
211,161.001793711
212,156.257435583
213,169.355265566
214,171.662581103
215,161.852958802
216,174.682122869
217,180.491216824
218,165.072860459
219,161.75575678
220,149.89785155
221,169.353619487
222,164.564776036
223,181.501699068
224,169.109035682
225,166.322762565
226,168.581756335
227,177.425226756
228,183.543783176
229,165.121324854
230,172.633193236
231,174.089171373
232,176.176589802
233,185.905810003
234,178.323352569
235,200.010288003
236,195.089497993
237,205.198306217
238,185.498572755
239,222.916939035
240,200.469857009
1,42.6111479307
2,43.9128814813
3,38.8606888453
4,55.2093931868
5,46.5609199089
6,49.5108201864
7,33.1085836772
8,44.0014677554
9,52.3720920202
10,23.1781317812
11,55.905898953
12,48.9047197597
13,40.3937529094
14,46.1164543635
15,40.6263849988
16,45.9159449239
17,32.4997498921
18,43.4211201459
19,38.4487478004
20,42.5918140835
21,37.6937984242
22,49.9791122906
23,48.0006603307
24,34.1700144848
25,48.9934783888
26,27.3430331483
27,47.0542949427
28,37.5713313449
29,43.2538020784
30,58.0612303902
31,44.455310924
32,32.4327831401
33,53.2327789031
34,45.6824652551
35,48.4751588286
36,41.4296804113
37,41.0548055002
38,38.5252190677
39,44.4581050089
40,60.8936860593
41,41.0685815165
42,42.9546690557
43,54.6880113342
44,32.1858825131
45,46.5973623862
46,48.3159613243
47,59.0204817761
48,61.0726420253
49,42.6265746068
50,55.2981519741
51,50.3821173826
52,57.1054152878
53,46.2088149441
54,34.5812264363
55,28.7200316868
56,53.6663429161
57,51.2257458776
58,46.3884053113
59,41.5815873643
60,53.5930276315
61,49.5247405175
62,37.4572172493
63,74.0329251442
64,40.0059680287
65,41.297862159
66,58.3625291904
67,66.2449300829
68,53.0141449762
69,69.7143246692
70,49.3353102639
71,56.2859745934
72,51.7392742745
73,41.5643533205
74,49.6130754097
75,68.644698252
76,45.6722521163
77,57.2199477378
78,55.2899413084
79,49.1989668674
80,51.9379152065
81,51.3408509436
82,41.6412881888
83,66.5897365588
84,58.4075265212
85,61.359891666
86,62.851753707
87,57.6645163757
88,58.8702500717
89,30.9888102812
90,53.8768500732
91,72.5435626406
92,53.6560173847
93,51.2160668689
94,54.3118223334
95,47.5171843398
96,56.0337664974
97,56.4861164056
98,64.2965641552
99,57.9698209163
100,59.6521527458
101,60.2560962992
102,62.1465177988
103,60.2116887606
104,63.727050896
105,62.4605143853
106,60.7970309627
107,58.3311477876
108,63.1159943731
109,60.0005104359
110,78.4205210023
111,66.778415572
112,68.9146895703
113,70.4297776923
114,70.2040792199
115,62.6480309383
116,65.8423224783
117,72.0829538109
118,70.170671591
119,83.6658653352
120,88.246235689
121,76.2777214526
122,94.8392418555
123,64.3199312125
124,79.1460005054
125,51.4182815234
126,79.2686407773
127,89.8449835604
128,76.2459294826
129,80.1239515816
130,84.1419687868
131,84.142080283
132,89.9604945024
133,87.6892798195
134,102.344470734
135,75.8309384275
136,92.0960602117
137,96.112849885
138,92.044166883
139,79.9299801567
140,101.589677742
141,97.9008248042
142,93.7126905572
143,92.858747701
144,96.6154177973
145,96.0895476402
146,89.278719725
147,88.7180857917
148,90.9858344972
149,100.434561819
150,111.349250925
151,89.4067673808
152,92.5333244582
153,99.2444196576
154,104.698654343
155,120.400297014
156,126.556738624
157,131.472623459
158,114.102993434
159,108.374682811
160,115.821177863
161,118.661795825
162,108.654418119
163,110.346105347
164,117.679208976
165,126.955816772
166,133.016644114
167,139.332291367
168,132.149076176
169,129.523296239
170,143.601583592
171,136.386542372
172,130.92575388
173,136.545763152
174,146.65540414
175,148.590238779
176,152.606310193
177,157.840351757
178,140.953489911
179,165.972580278
180,149.203015591
181,171.19333567
182,159.264970693
183,156.506145243
184,170.37415602
185,148.143286322
186,182.174111982
187,176.177725892
188,180.601807364
189,162.058702925
190,186.988928863
191,181.104806153
192,195.999355858
193,197.741395634
194,215.393287843
195,228.746412616
196,216.540112904
197,214.342963931
198,224.983692909
199,227.958323154
200,229.66915741
201,243.796647002
202,251.99415012
203,242.589516053
204,235.11085114
205,258.234875026
206,259.395823
207,261.860156952
208,282.161041823
209,281.79212632
210,293.470662403
211,285.398380831
212,292.807278515
213,302.180860297
214,322.740142145
1,37.32508678
2,27.7703783709
3,40.0526999021
4,43.8315096263
5,35.8727118499
6,42.3318259865
7,27.1309511822
8,43.5600033237
9,30.0293178433
10,37.7154474932
11,28.7864399643
12,32.523823703
13,38.5354625615
14,38.7307093823
15,34.2224461477
16,41.7514703577
17,41.0023402587
18,29.2931454555
19,52.6640645569
20,23.5274746677
21,40.3183239082
22,32.8870109322
23,39.7313913676
24,42.1940976148
25,36.0384681396
26,36.7380862486
27,41.9668791374
28,42.2772759321
29,42.3259261213
30,34.8278628611
31,44.9393251289
32,43.8523604761
33,29.3809610496
34,37.527210353
35,34.9886320561
36,43.3870882965
37,33.4935523254
38,46.3922367342
39,41.1242941999
40,36.2362231757
41,45.5570759145
42,36.461655455
43,32.7279910833
44,31.3224214725
45,49.2932911646
46,41.9114486571
47,50.1674862596
48,51.2510295129
49,36.8648427327
50,12.1338810207
51,60.9052136987
52,23.9823821381
53,35.2894616539
54,32.3812728743
55,45.6144191621
56,39.8404417605
57,40.3251119084
58,32.5494171625
59,32.4435014187
60,42.2744976585
61,47.6908446181
62,49.1070844064
63,35.7821916324
64,39.6489497288
65,43.7234547295
66,27.280659556
67,45.1343873003
68,44.1084316239
69,42.1277491928
70,45.4129760532
71,39.5321850332
72,49.4351987074
73,35.8867064744
74,38.7003483918
75,59.4961161642
76,50.7450475504
77,38.7396906899
78,40.0315773135
79,27.8251774007
80,43.0353416948
81,41.3491417645
82,41.4208232655
83,37.6672712168
84,54.3530709148
85,38.4362991503
86,47.292797215
87,38.9949476724
88,42.2299430722
89,38.5374748399
90,48.2143508662
91,47.7579490121
92,49.6737819762
93,38.8127542766
94,51.1891145751
95,44.4094295799
96,53.720794481
97,47.9980310492
98,46.8726989225
99,31.5731794517
100,39.6137732856
101,41.0173295819
102,60.4261846789
103,57.1184053897
104,41.7510469341
105,45.6552977375
106,26.9544017403
107,44.0859132861
108,54.2534264941
109,55.7007584088
110,45.833633295
111,54.6643525781
112,47.9478910099
113,54.3548616975
114,52.8340173278
115,40.7140937055
116,37.985341558
117,49.2299831349
118,63.0685937372
119,54.6302406094
120,45.5337278017
121,46.3368887841
122,48.8702509251
123,56.9317202391
124,62.6381937191
125,47.086274826
126,37.1943022698
127,51.5648807241
128,60.2060349782
129,49.5831428459
130,37.5370856011
131,56.3891540405
132,62.9214923981
133,56.7140084801
134,51.5635801755
135,63.1515064483
136,58.3325164214
137,45.7629202681
138,51.6953549547
139,55.2893315929
140,48.0342371652
141,58.2883802728
142,55.1977689928
143,54.8041463192
144,63.8624479502
145,51.9653977818
146,62.604383002
147,66.6016405922
148,71.7187870565
149,75.1949231818
150,51.4299945661
151,59.5622209995
152,55.7379019757
153,47.7038194788
154,56.1714830232
155,57.411861186
156,44.845608693
157,54.0139046117
158,79.9318030055
159,47.7667924532
160,62.0976109149
161,58.524557835
162,78.2361834234
163,49.491956595
164,64.2618237598
165,52.1585183801
166,73.2001355333
167,70.7944991812
168,60.7989290537
169,65.3135343656
170,73.1778375696
171,77.0434220006
172,65.6940905357
173,61.7106471742
174,87.3991001459
175,61.6250803115
176,66.6305786223
177,69.6295711624
178,62.3261183798
179,75.0185796007
180,55.770165072
181,56.5765859601
182,58.296742215
183,76.8607968476
184,80.8380014285
185,75.8163649322
186,86.5220528439
187,68.2557844654
188,73.6168459058
189,71.5342410222
190,68.0945204408
191,76.1376773081
192,70.264116086
193,82.5595649323
194,88.3454725078
195,81.9357883227
196,81.4723967877
197,73.9129954165
198,75.9159966209
199,94.4024847505
200,79.7726640804
201,77.2229298677
202,76.8448515972
203,87.7993274009
204,79.7742959718
205,79.6027529418
206,87.5970519969
207,88.32547132
208,87.6484042916
209,76.2404291984
210,95.9459016978
211,86.5570867412
212,103.29266864
213,89.3528083266
214,97.7168754813
215,83.3558086716
216,89.4953925396
217,90.6976603441
218,90.1745492751
219,83.5059486348
220,85.827408791
221,82.0887945417
222,102.0300133
223,88.1491998464
224,95.5503874937
225,98.2799140271
226,80.163310081
227,117.510338988
228,99.3235193836
229,94.0794511794
230,117.450518566
231,98.335296157
232,91.6209401182
233,94.7910198102
234,103.843377584
235,100.928822301
236,108.800496323
237,116.587952843
238,119.31703273
239,113.019419662
240,116.525924751
241,114.949312052
242,127.403078694
243,99.1529348287
244,117.950068896
245,111.83863848
246,102.437768685
247,113.435865579
248,129.699626586
249,117.536908826
250,129.849645127
251,115.948263716
252,127.417106511
253,131.747806393
254,121.072141854
255,116.088451558
256,121.418946511
257,127.396404522
258,106.042377665
259,124.642966104
260,142.891244546
261,126.337965489
262,146.485963043
263,134.503834961
264,132.890630288
265,148.655428146
266,135.157749472
267,149.552914969
268,152.867221106
269,157.181447609
270,144.328861061
271,155.361426508
272,142.249381103
273,149.918969104
274,160.66874644
275,152.227276674
276,141.04195598
277,149.478745539
278,174.775027278
279,178.719635384
280,150.008989948
281,174.430463884
282,172.488476942
283,180.786000589
284,187.281322119
285,163.933263896
286,172.320115361
287,175.657072308
288,181.376991471
289,175.066247725
290,184.359216209
291,196.831442544
292,184.396334129
293,192.70162097
1,102.449681658
2,88.2335197998
3,90.0899288703
4,90.9189681714
5,93.2241289055
6,86.778597067
7,94.309610696
8,89.3122941382
9,96.0082965297
10,92.9478271276
11,107.806828063
12,106.103514621
13,101.249602408
14,91.5858591493
15,92.266695252
16,90.8614740863
17,84.824454495
18,85.8094899005
19,103.359747384
20,80.2560332821
21,94.0907592564
22,102.109930134
23,91.5982274582
24,96.2045406757
25,106.453647552
26,86.6131446218
27,81.1052734201
28,100.294424428
29,95.8024987268
30,95.0190987462
31,92.4657934259
32,94.6538799595
33,100.657585013
34,100.362883669
35,95.4696324595
36,78.1040833582
37,85.748114812
38,84.6821136807
39,94.5842193171
40,92.3799424995
41,89.4701401595
42,95.5809156703
43,96.6189482791
44,98.4709692643
45,89.7842497661
46,93.4619592778
47,101.142648614
48,98.8548827703
49,102.748275671
50,84.3959888983
51,88.4365540691
52,91.6634427186
53,105.573457423
54,77.7189871465
55,86.037778354
56,82.6620214256
57,93.410524598
58,106.693636732
59,100.593288847
60,95.2722552173
61,106.561094988
62,101.994691745
63,96.5021266634
64,89.0588039751
65,108.292494565
66,98.1804674504
67,86.6246367623
68,100.458179666
69,102.996301069
70,97.8908107723
71,96.0278074989
72,99.3526639875
73,93.0401841986
74,104.867972312
75,86.9474331935
76,103.745856198
77,98.4820550392
78,90.5282151365
79,86.7447791665
80,92.4300319843
81,103.045711235
82,92.8604239149
83,92.287680728
84,106.659071749
85,106.387582016
86,104.298231785
87,94.8162634814
88,83.2718813617
89,114.649727057
90,90.1091874383
91,94.5482357157
92,113.942709403
93,97.2756579074
94,87.962953651
95,111.240466135
96,108.593853554
97,94.7999722528
98,115.973554485
99,90.747906621
100,92.4471707054
101,100.496143241
102,106.085759868
103,104.24534913
104,101.809069844
105,101.959114315
106,95.8048809644
107,104.93716747
108,103.45362372
109,104.626568578
110,89.7943951716
111,123.108556907
112,106.421131931
113,110.915649052
114,101.823720457
115,94.8276813557
116,122.520267806
117,97.2443685597
118,102.663985533
119,112.124366365
120,89.5453984953
121,87.9520805345
122,101.139560283
123,111.058189619
124,99.9172113264
125,93.6663836225
126,117.700009861
127,109.549497746
128,112.67696777
129,105.550371872
130,120.104633867
131,97.8892087723
132,102.354964096
133,102.292835787
134,104.900790164
135,116.62808104
136,117.128579652
137,105.89545582
138,97.5353922137
139,102.465401224
140,112.035635493
141,112.030885556
142,110.974206934
143,107.15234697
144,121.073350811
145,118.745540927
146,111.704613638
147,107.266009351
148,105.865506166
149,107.320158175
150,106.218757587
151,126.539556946
152,120.407571198
153,116.534619985
154,122.637380739
155,131.153860967
156,121.599492225
157,119.117944192
158,127.848379212
159,120.978252942
160,114.330433015
161,114.717373769
162,113.180535828
163,114.756417185
164,115.667366893
165,123.152524064
166,117.859321165
167,132.798004784
168,137.035613242
169,120.995678141
170,118.834448452
171,124.283043722
172,121.143702015
173,117.858989836
174,126.256235674
175,131.488455829
176,131.574886127
177,139.362669794
178,123.095326346
179,131.900848942
180,122.471512499
181,147.613467466
182,137.887301771
183,122.938666832
184,112.556981156
185,130.716984455
186,130.169336688
187,131.584977011
188,141.704597785
189,123.909047911
190,131.421002702
191,126.544765982
192,115.742160094
193,142.607486853
194,124.50676439
195,144.880493683
196,135.328581525
197,127.48346268
198,129.187585389
199,135.318626667
200,138.248210722
201,149.846534799
202,142.650462051
203,131.706080612
204,137.508378178
205,157.297766275
206,142.756501262
207,148.793356964
208,155.537968311
209,149.782181022
210,147.79374519
211,152.211589344
212,148.344487582
213,151.553027034
214,159.981577932
215,152.865180712
216,152.584647704
217,149.237548062
218,143.22017688
219,154.874556027
220,144.574134526
221,152.13564577
222,161.272762901
223,149.474637732
224,152.045236141
225,161.094927331
226,170.769913003
227,164.511578387
228,158.705739453
229,155.728874899
230,164.694672364
231,168.820782671
232,167.062307556
233,149.942999485
234,169.868569692
235,160.751339988
236,173.177926493
237,182.825935327
238,173.665526208
239,157.658151962
240,153.912960417
241,187.870492414
242,171.937466196
243,191.667609075
244,182.405930587
245,174.339418268
246,160.47525797
247,178.620617655
248,173.577138739
249,205.503304256
250,189.215114317
251,187.754595924
252,187.517843254
253,198.397313162
254,186.369634364
255,183.439731759
256,190.783421904
257,192.985971459
258,199.205745902
259,199.285015039
260,210.119342355
261,203.863377489
262,206.816227836
263,203.543081951
264,205.201311427
265,212.71760997
266,207.527901495
267,218.943752741
1,56.4260416916
2,63.9342337206
3,68.0935516446
4,68.149258102
5,55.8014714726
6,64.6684362536
7,70.8974978651
8,77.9727381192
9,81.4121083261
10,74.4891686687
11,72.7322440032
12,81.0689146418
13,85.0781164159
14,66.8680624824
15,67.5520279095
16,72.5534935878
17,70.7446533698
18,61.9960615421
19,65.5942139592
20,69.4699309333
21,71.1257098917
22,67.4173914017
23,78.556645731
24,67.7085686744
25,77.5941594109
26,65.9158387996
27,62.010544723
28,70.9976144092
29,75.9982570403
30,84.0581247136
31,64.4600156301
32,65.897622644
33,57.4463113675
34,73.8805575041
35,76.0691976374
36,62.7829839827
37,81.0335959597
38,68.0224019429
39,54.388468191
40,76.8951983641
41,72.2326101491
42,65.9253493112
43,83.6252774551
44,72.1560989596
45,79.6620337922
46,61.5964917641
47,61.5603268197
48,71.4014101135
49,81.1315814204
50,76.3957176304
51,80.7213533048
52,82.8647238304
53,60.1640817719
54,81.709040831
55,77.1191819295
56,60.7276124385
57,77.5745652811
58,67.9300926885
59,60.4730751696
60,68.0354922819
61,66.7597286145
62,67.0152026403
63,61.3655556849
64,66.3508714408
65,86.5731005687
66,73.1437310073
67,67.1220966829
68,62.5405463439
69,79.7703720858
70,80.0033190998
71,74.3283182219
72,74.0158816646
73,79.1757480189
74,79.3700821762
75,89.7045343366
76,93.383411278
77,81.9867122838
78,77.8990310622
79,74.7044299675
80,81.4799430441
81,76.487582526
82,72.4358132557
83,74.4892464874
84,100.177149858
85,78.2880706266
86,79.5045818802
87,87.422362067
88,87.362734893
89,77.2769217914
90,67.6307737038
91,83.0282019094
92,81.6717769698
93,96.9334941362
94,69.2694395326
95,87.1836242477
96,77.0416828547
97,78.9260259463
98,98.679425345
99,95.7282362333
100,79.6870571307
101,86.9506232415
102,98.666284136
103,98.9988369303
104,91.4348096405
105,93.6572135467
106,78.2351910551
107,103.684985981
108,86.377009733
109,91.63551807
110,100.421643874
111,78.9303959757
112,117.102888972
113,112.559363963
114,93.3510635418
115,96.5440818982
116,103.216955394
117,111.157207313
118,104.604944097
119,97.7552537755
120,85.5799069943
121,109.653129374
122,100.306526818
123,109.481461328
124,109.940012375
125,102.479048689
126,99.9407557923
127,111.192502746
128,101.316045919
129,94.8534384014
130,117.989000733
131,104.385449005
132,102.611405133
133,115.161381904
134,127.776858139
135,103.631787273
136,116.780686461
137,100.111665975
138,115.282807472
139,100.555927847
140,117.380496395
141,122.477894311
142,117.860862181
143,110.4331961
144,110.613016211
145,113.704048989
146,130.104267398
147,121.157861118
148,140.534501887
149,130.40807506
150,132.760963273
151,126.991291658
152,133.604605307
153,136.350178811
154,138.747886858
155,145.184415546
156,113.302742005
157,124.262238184
158,144.222085923
159,128.921816846
160,148.475579388
161,145.585809394
162,157.698638099
163,151.901272349
164,137.78318252
165,141.54679687
166,143.134290691
167,156.826252215
168,155.823551563
169,154.104766384
170,151.182075696
171,151.319153878
172,175.072434706
173,164.14401646
174,164.347570448
175,177.630235275
176,160.870947965
177,164.748769186
178,176.640663718
179,178.68997518
180,170.617668709
181,169.332910893
182,186.91367001
183,176.955179492
184,190.856549073
185,179.301457866
186,190.313534981
187,215.525385377
188,193.448579724
1,70.9722003863
2,93.8427092907
3,78.7417696908
4,70.4416450187
5,78.6112610647
6,105.599836086
7,78.489287604
8,75.5804737623
9,70.7823672778
10,81.4168013238
11,78.78559016
12,72.5705456887
13,73.6533479591
14,82.5494284185
15,89.5218458828
16,73.7185259896
17,86.7839290304
18,85.2197167134
19,88.2075265213
20,86.5405697219
21,68.0517742825
22,93.0125930972
23,72.4149053331
24,84.4663153714
25,81.8136784856
26,94.634437145
27,77.8812424054
28,72.5092201642
29,88.9701984782
30,73.9819057816
31,87.378611955
32,69.2209086178
33,72.551329949
34,63.43677209
35,78.5746787388
36,80.6043529537
37,89.2050684307
38,72.2294348897
39,92.9550912944
40,80.7685505816
41,72.760396223
42,88.1490774783
43,91.243476776
44,75.1694988259
45,73.1643260964
46,93.8370467841
47,93.0246530386
48,84.6786581687
49,87.2533536895
50,69.6561144123
51,74.4350276874
52,73.536763159
53,92.0893569348
54,91.6971364569
55,76.5011741334
56,84.8058343167
57,79.9828579771
58,78.5689204327
59,80.5219661937
60,85.9128184979
61,83.0329330919
62,79.4120102037
63,83.966257389
64,76.4317378693
65,71.0686528562
66,97.724677355
67,86.2258993734
68,83.5744653889
69,93.6545382125
70,83.0731655122
71,99.8421346784
72,85.8698896885
73,70.5361672046
74,90.0831789301
75,97.0007189612
76,74.4824204309
77,85.4043715254
78,96.7691462863
79,84.8787551601
80,104.029200666
81,74.2312140281
82,76.8664361237
83,93.2340462073
84,76.3380657484
85,90.3873338408
86,68.0227635762
87,87.6307162976
88,93.1872741852
89,87.1856391277
90,93.7865979468
91,101.412708712
92,92.7270160702
93,86.6777307258
94,72.5156029779
95,83.0653211478
96,88.9106433587
97,84.4085784071
98,87.3969528467
99,85.4308909929
100,82.4846893188
101,94.1467803076
102,90.9889546033
103,88.223260157
104,89.3355032582
105,95.0995868305
106,84.531091227
107,90.7918082656
108,88.6787731079
109,87.3336853751
110,95.4308911101
111,100.955552095
112,97.3424664167
113,85.3819549984
114,86.5251893619
115,83.3818467301
116,92.2668003908
117,110.032432161
118,92.2578607136
119,102.088006635
120,93.8134464267
121,114.047509455
122,83.6545793097
123,86.7656752526
124,86.9764923025
125,103.913400665
126,97.088430045
127,97.2397551891
128,74.0954580591
129,99.3753728315
130,90.2253070623
131,86.3491919539
132,84.9486976739
133,92.649270708
134,105.717742892
135,94.3290727769
136,82.0629706805
137,95.3754217529
138,110.3934688
139,111.368583323
140,90.8644323497
141,101.546384231
142,101.597464893
143,110.783868666
144,110.311164669
145,110.801622754
146,107.803214738
147,97.7565267272
148,100.706684057
149,108.666996272
150,103.994795829
151,112.504533546
152,101.235692787
153,112.710582923
154,98.4107934973
155,101.700772744
156,99.8761674951
157,124.620819593
158,93.2806934822
159,110.979339468
160,111.43559026
161,96.3961780064
162,104.387529091
163,97.3720128048
164,111.760193715
165,107.73545697
166,98.6947792036
167,112.552457406
168,124.453567073
169,122.413865654
170,111.940319578
171,102.07751296
172,129.300893623
173,105.508449583
174,119.106929885
175,116.778986065
176,117.082720433
177,126.127091929
178,121.765432272
179,117.242924878
180,110.82572203
181,125.37541786
182,119.173665925
183,123.420610891
184,115.945131889
185,124.67003865
186,114.641071842
187,117.446130532
188,124.76466685
189,137.266439401
190,115.116688039
191,128.075583988
192,126.142046619
193,119.533838863
194,131.602613
195,120.039042961
196,125.408218653
197,130.098041483
198,137.138499303
199,125.683420876
200,130.951835049
201,123.00848551
202,132.799273604
203,135.550814004
204,140.262755682
205,147.640531325
206,138.8472258
207,133.904176406
208,133.621030933
209,141.422876967
210,135.613783618
211,150.612179534
212,136.210713291
213,130.861705615
214,141.97376408
215,160.282304693
216,139.038226135
217,142.277914163
218,133.483459024
219,130.448431322
220,158.65264789
221,134.489156937
222,156.264452817
223,156.157402614
224,141.83363649
225,134.677383215
226,142.203798574
227,155.012595057
228,147.680108262
229,146.844316076
230,153.35127805
231,148.498992261
232,153.227444234
233,160.404488492
234,144.407209226
235,160.854196835
236,161.157011566
237,165.906237083
238,177.343341713
239,162.460732622
240,167.52384153
241,152.754685695
242,180.490143768
243,162.862624746
244,168.304032141
245,174.467052104
246,177.234939824
247,177.450985738
248,173.287950553
249,184.131442176
250,185.73391854
251,174.999672658
252,177.970571613
253,169.176952383
254,180.67327119
255,182.90856367
256,175.504675246
257,196.313119808
258,187.854835177
259,187.579538139
260,179.970467046
261,196.255991757
262,194.168176783
263,203.90595765
264,209.86548023
265,182.737269716
266,218.162994344
267,195.536733918
268,212.193098863
269,200.462732533
270,186.961473604
271,201.321328336
272,204.812973194
273,201.633434668
274,203.790388239
275,209.101193855
276,198.686631676
277,221.541782012
278,208.763951096
1,86.9734525101
2,89.1421951286
3,75.194573038
4,80.8104253852
5,75.6416043006
6,73.9893216055
7,77.5786616552
8,80.6779975962
9,87.1190007531
10,71.0825187007
11,77.6722938629
12,80.3214716667
13,93.500360106
14,74.1708490176
15,91.413194705
16,93.9738553796
17,97.7852517093
18,81.559204481
19,102.140744321
20,107.525648279
21,80.4691930352
22,82.6301638896
23,75.4103095812
24,85.6515109359
25,97.6432846575
26,72.3629876095
27,81.5405525343
28,76.0821797287
29,91.7176581804
30,82.8225720306
31,106.85279436
32,69.0184858104
33,66.7843513927
34,87.7602337844
35,76.1264891118
36,84.6772911893
37,82.1404300087
38,84.4776884781
39,88.5716130006
40,89.5495298642
41,75.5620314512
42,89.3805014455
43,100.908051628
44,92.2367079944
45,71.4086280381
46,72.3132253791
47,90.8118526827
48,92.5572512841
49,88.8069318423
50,89.5208966467
51,98.4393786338
52,98.7146710902
53,83.2637269456
54,91.1539183186
55,81.0039847171
56,85.1307844984
57,98.3373709533
58,91.3110889108
59,110.088380589
60,94.2519459223
61,100.431723747
62,98.3120081553
63,103.175833322
64,109.815233413
65,94.3847103416
66,98.7802880957
67,100.517554977
68,96.5522407763
69,89.9904417776
70,88.916089373
71,109.930267381
72,91.5095216432
73,107.048188559
74,83.8005687389
75,90.9870099601
76,100.279570007
77,94.6215424907
78,89.2254113807
79,101.485885245
80,103.025574619
81,93.2451465098
82,91.6075759555
83,111.663525887
84,88.5276390932
85,115.070098946
86,96.2665501774
87,96.0037506186
88,110.631478646
89,104.273072108
90,96.260724928
91,104.016969657
92,102.517483061
93,87.3142145538
94,117.049092321
95,94.734619503
96,106.895244522
97,97.7237762293
98,101.343375032
99,94.3134454294
100,101.352760886
101,111.075066853
102,98.9426062354
103,108.27361554
104,107.199930041
105,108.348176182
106,100.877346991
107,101.950753799
108,117.529488066
109,107.331023752
110,107.146370979
111,119.386715138
112,98.1181862583
113,135.610036741
114,116.215890312
115,117.652405713
116,118.450891505
117,111.698472573
118,117.329629642
119,117.501470699
120,115.479533294
121,126.799857106
122,117.65636697
123,113.280990535
124,111.332247992
125,124.416136078
126,120.885896264
127,121.100313732
128,136.009804878
129,124.284616558
130,119.760293891
131,126.076113895
132,135.886739081
133,130.88950503
134,133.219053495
135,126.362663943
136,134.72534938
137,114.340566196
138,126.589810571
139,125.715956844
140,115.459976968
141,137.785081867
142,132.651045366
143,128.297669411
144,135.320208099
145,138.032359976
146,145.792140291
147,147.755460757
148,139.738158192
149,148.754303576
150,145.131733988
151,139.645057302
152,154.204885377
153,140.152256164
154,154.333157973
155,150.436393536
156,145.511701958
157,163.625874733
158,156.271231364
159,163.02571223
160,158.889480415
161,163.025549197
162,155.124431964
163,177.904577305
164,165.179914704
165,170.250177814
166,147.372866628
167,177.526407889
168,163.992947021
169,157.61562658
170,179.750299651
171,184.439532185
172,189.663558078
173,161.75429613
174,190.071876801
175,193.283960105
176,183.782781994
177,197.000667981
178,181.07334368
1,66.6115965929
2,59.9071923218
3,82.1619388851
4,69.8666946202
5,73.3164045805
6,68.6938888091
7,59.905332861
8,62.3676373361
9,72.4681439306
10,77.4626996903
11,71.6755476231
12,85.428660136
13,62.2795510904
14,73.8747402301
15,84.7775823458
16,65.2147829054
17,71.32180399
18,67.5050718199
19,71.8453682094
20,64.6683220108
21,84.8738702091
22,60.96328383
23,59.8063229518
24,74.1360867431
25,65.782190556
26,67.5941639957
27,66.9355524512
28,66.8565157635
29,87.0948962061
30,76.8528867893
31,49.7810481745
32,65.0869610601
33,83.6201511013
34,72.0325489009
35,57.4090118104
36,70.268912135
37,72.6793366364
38,73.0319013194
39,73.4134556577
40,77.6778230696
41,71.367483236
42,74.1925774215
43,67.5229373382
44,87.1627637082
45,81.961773281
46,89.4200046839
47,78.865771118
48,78.3635901989
49,80.747524535
50,77.3634495375
51,67.6299646815
52,90.5150694548
53,78.177039712
54,65.6535204492
55,87.4455360274
56,80.0706968811
57,72.7687412578
58,79.1353708366
59,70.405530071
60,77.1764750138
61,73.3187912278
62,77.9661008767
63,70.7227489431
64,67.2808467218
65,61.7344038466
66,76.7533101655
67,76.4992863357
68,92.02453284
69,83.1743667284
70,93.7694338158
71,82.5429753966
72,83.8869497872
73,78.763136069
74,76.0700304261
75,72.3221160082
76,92.3713587665
77,73.6553804241
78,69.2332472121
79,76.0387110298
80,65.9431617108
81,80.0797273169
82,73.0880348393
83,87.6477678533
84,75.7162966362
85,83.9062128158
86,82.9075736996
87,89.1273167194
88,76.984194414
89,77.6612718806
90,90.1506258325
91,81.9983852785
92,74.3236332337
93,88.7077480445
94,96.964104842
95,92.2971009422
96,94.8287774716
97,89.6786425864
98,102.305399396
99,72.8294467315
100,79.2497294099
101,91.2347893072
102,88.8074985899
103,76.9909615653
104,95.0084586481
105,98.0066254775
106,104.281548631
107,91.0582124089
108,105.959777356
109,98.7888258087
110,107.383567522
111,91.5540083038
112,99.1804964697
113,98.4588081265
114,101.127979828
115,85.2924488356
116,95.4925438657
117,116.672638561
118,101.236080856
119,88.8836494153
120,87.4795108594
121,109.402691602
122,105.687350124
123,110.562737604
124,105.298642775
125,93.4825102496
126,83.7224275907
127,108.232180061
128,108.474900014
129,110.880643413
130,98.3075308021
131,105.285363763
132,93.1750242378
133,106.71889548
134,104.31456712
135,117.084268353
136,119.32473724
137,122.420096435
138,112.08239346
139,116.229391839
140,125.71496863
141,125.804659827
142,119.554846549
143,107.084729362
144,106.820939676
145,113.513090776
146,121.508515327
147,135.605820033
148,119.637686345
149,128.539040857
150,140.633178703
151,135.155836556
152,124.471292984
153,129.846844987
154,115.096951092
155,127.55622315
156,130.26704803
157,131.540537531
158,146.601141559
159,131.230437841
160,125.559935776
161,129.319704933
162,130.999909481
163,149.787270558
164,138.156478903
165,136.981428409
166,144.719267029
167,146.783589353
168,142.659536721
169,147.344705762
170,156.0496265
171,159.251754627
172,154.445373024
173,156.937463482
174,171.730874834
175,158.757991219
176,163.959744928
177,161.699205256
178,184.212446779
179,165.342490203
180,159.837585304
181,178.690572628
182,182.148179811
183,166.724408959
184,193.681256029
185,162.730717295
186,183.961275516
187,194.969258663
188,186.122918031
189,186.371514333
190,191.641490164
191,200.584911623
192,199.762830173
193,194.713003199
194,206.545732489
195,210.830160353
196,214.581069231
197,217.121681391
198,205.834531511
199,222.208832327
200,231.275988559
201,223.817723889
202,216.997432834
203,234.588236687
204,245.649192592
205,228.077576916
206,238.890575371
207,237.193746151
208,240.788973867
209,258.31028768
210,255.632119612
211,252.425713797
212,263.227310028
213,280.280134424
1,33.9874431169
2,39.8281387447
3,31.0186422424
4,41.7202914511
5,67.3851324838
6,43.8479810316
7,37.1059953402
8,49.3953571829
9,44.0308938613
10,53.2404635746
11,49.6764599163
12,44.5117310003
13,47.3909699554
14,51.4286349778
15,39.9017736259
16,43.8241314884
17,26.7779459661
18,50.3287976285
19,46.2175423271
20,45.8877362339
21,39.2593314536
22,48.9429519015
23,44.1727214475
24,48.532167476
25,49.6122935808
26,43.8805269841
27,47.7204652068
28,44.9855831551
29,41.7323561668
30,36.6916585424
31,49.7398554679
32,51.1982865828
33,49.2647490798
34,34.9447368331
35,58.231004637
36,56.0100567323
37,72.9019163642
38,49.0524135127
39,58.2905654871
40,49.4912492479
41,46.0890065151
42,67.6234747768
43,51.6584467302
44,49.0658340337
45,41.2044516484
46,46.7625142026
47,32.7290015168
48,52.1398662512
49,52.1328066861
50,50.2213398213
51,49.3043082671
52,40.4775411362
53,48.2585359086
54,70.4553650813
55,55.1270731435
56,45.2220881851
57,66.5708601298
58,44.5161121395
59,53.730154025
60,57.2150993922
61,70.7083239476
62,41.3745845643
63,60.1628697391
64,47.3400238301
65,54.7233582061
66,61.4544144539
67,63.1363234184
68,56.4658260026
69,62.8228786136
70,58.7790563773
71,46.8323565982
72,61.1226275964
73,47.4037317971
74,64.0523519514
75,53.741992173
76,53.8155050198
77,55.136000334
78,50.9365829039
79,54.8244870744
80,62.844571427
81,50.4504349085
82,50.3719294304
83,75.5612262581
84,57.9925110935
85,52.3968996165
86,74.4330262975
87,59.1646259075
88,60.5109292762
89,45.4639662488
90,77.8587316664
91,50.9604809556
92,61.6503106812
93,59.0494725833
94,63.5468171577
95,48.0125632202
96,60.9323283738
97,68.8189815559
98,60.0168732135
99,69.0840963563
100,68.8524597537
101,67.4424760324
102,53.8181521666
103,64.0680062258
104,56.9749212643
105,70.4662218518
106,77.5730477432
107,57.8099535674
108,56.3762966969
109,59.3211404432
110,73.3516106908
111,73.3933817738
112,82.5042731497
113,71.6103797081
114,65.1855736207
115,63.6979592002
116,76.5845710249
117,73.3268972746
118,77.2507102529
119,80.5450991931
120,74.2594919244
121,61.2556090393
122,64.6888152854
123,76.7957423925
124,74.8896827157
125,69.8933543198
126,85.00992319
127,62.8797061689
128,65.7579498022
129,94.8431364447
130,72.1264137854
131,86.1636471202
132,70.666499357
133,72.6042309638
134,90.5207445468
135,74.5524125285
136,93.376984702
137,58.9260584487
138,85.1884655907
139,100.508885202
140,82.7366599465
141,79.0768974396
142,80.7013080353
143,98.9717615464
144,79.2739625335
145,88.6499576252
146,82.4522606292
147,85.7709275547
148,86.3241170736
149,108.004164052
150,79.8293536885
151,107.345452831
152,97.7981135344
153,97.2379924375
154,120.544969979
155,111.029768517
156,110.04713998
157,99.082443946
158,93.8705365971
159,106.316286814
160,106.412631401
161,98.0445260913
162,126.140723531
163,105.289969844
164,106.330882281
165,113.219083656
166,97.0835394624
167,119.380271524
168,109.699044604
169,118.009071714
170,112.757676432
171,117.330998193
172,129.112758565
173,129.890327545
174,113.206690433
175,128.84927807
176,124.367465709
177,124.295189062
178,133.546477777
179,129.181080766
180,123.871551006
181,133.636612563
182,138.886434751
183,139.975698238
184,142.202016648
185,144.434960327
186,146.814793864
187,148.922781012
188,142.141462664
189,136.221220263
190,152.078094885
191,154.914715516
192,145.124047614
193,135.567788771
194,154.907526246
195,172.170882034
196,180.651561729
197,165.700775379
198,173.235684229
199,183.857886213
200,172.278827489
201,172.50164455
202,193.428180103
203,197.557283547
204,186.581243084
205,179.814761095
206,202.402557119
207,197.668525085
208,189.767425384
209,203.948008826
210,201.682003207
211,194.398107838
212,211.879012925
213,222.997319899
214,198.200230598
215,230.056043804
216,209.888082125
217,229.016992741
1,45.7908472248
2,47.6819160045
3,45.4449674402
4,50.7687469371
5,40.2836465317
6,57.5099246064
7,67.3405879642
8,58.541647763
9,31.1583410583
10,47.9414996939
11,43.8412219971
12,51.228264064
13,61.3142642422
14,46.7159243164
15,31.4709588788
16,38.9731370839
17,39.5551526538
18,62.6022752314
19,50.1011966708
20,48.3939334711
21,43.7959544561
22,58.0892187936
23,45.831182692
24,44.7996437994
25,46.072662807
26,57.7946020796
27,23.0437084199
28,52.5127744353
29,44.5349942855
30,55.7120629363
31,43.3779033986
32,51.185152866
33,45.0397679727
34,33.3568626656
35,47.1669119933
36,50.4443542572
37,54.9999430526
38,53.3192764739
39,52.337357366
40,45.0743657076
41,68.6570302149
42,56.2749638351
43,39.641406401
44,58.7529519786
45,56.4728860072
46,52.4011143384
47,52.8365151711
48,52.7247795466
49,57.0203068211
50,47.0231802181
51,58.4666993304
52,64.2638696869
53,52.9892532898
54,50.2468103708
55,50.8618524921
56,43.9836747219
57,69.3524297567
58,52.9308634999
59,66.3188772389
60,65.148141914
61,60.5268186341
62,51.999967836
63,60.0465058269
64,66.5894374775
65,56.0955911537
66,72.1831172417
67,63.6210127501
68,62.7846156601
69,52.3499441761
70,61.0651565337
71,70.4580363124
72,61.6545746523
73,62.9529072457
74,62.1037651243
75,50.5371951141
76,64.5295998628
77,62.8155918639
78,67.2282525264
79,61.282436
80,72.6126031
81,63.2892381329
82,71.6316186968
83,83.5504022341
84,69.1871722254
85,65.7077966181
86,83.1303412101
87,72.3785389623
88,83.1176029602
89,76.9218471124
90,60.0342237195
91,68.926911438
92,82.2771810296
93,72.8897456329
94,77.5617788063
95,92.4830053368
96,88.3207489353
97,76.3738583787
98,79.050158098
99,60.4289984215
100,70.9840309044
101,91.7921828808
102,85.643685327
103,81.1365441021
104,91.3400087808
105,90.4006707251
106,101.362690343
107,87.752807884
108,88.821374265
109,78.8251006917
110,98.4295942726
111,76.2866544965
112,113.582902152
113,83.6042488927
114,102.356155609
115,85.5403612307
116,106.818479048
117,88.4613105667
118,92.8222778217
119,99.1506837621
120,98.6693261663
121,86.7525978795
122,103.338614382
123,106.907940797
124,115.91175242
125,110.361321188
126,105.708049833
127,100.433846889
128,120.779616487
129,120.73445152
130,122.853293462
131,112.237088439
132,127.296845584
133,128.282531801
134,146.242631876
135,129.831558454
136,137.499616534
137,124.359476334
138,127.463911392
139,148.006452279
140,127.629555538
141,142.201394508
142,149.317484451
143,145.66310743
144,136.337450935
145,150.495198472
146,149.229772201
147,151.19232098
148,143.818331299
149,157.941321629
150,156.190954448
151,152.497495938
152,167.796449502
153,194.336534986
154,194.815775025
1,97.8581473377
2,99.2176685791
3,89.9524670794
4,93.7659615906
5,87.6421183828
6,121.51332192
7,104.602947937
8,109.41768566
9,101.463429415
10,102.477219381
11,118.5603266
12,97.0138221378
13,99.303852305
14,102.766351108
15,92.6011731811
16,111.20041076
17,112.984911969
18,101.723334624
19,101.07398458
20,108.26403927
21,105.332296916
22,107.436542656
23,107.168694719
24,119.912022905
25,106.002279477
26,119.214560266
27,105.192105062
28,96.2668346664
29,114.269626826
30,108.705469882
31,104.862539065
32,116.468463424
33,118.852018112
34,108.037401087
35,119.009899089
36,90.159433425
37,114.618353741
38,105.950324666
39,110.681791407
40,108.945501892
41,103.115369283
42,118.978123063
43,116.688967487
44,113.439861167
45,119.756603736
46,109.977276649
47,118.445800365
48,107.790390074
49,116.445637158
50,118.232661072
51,103.032128563
52,119.061835621
53,122.542140315
54,121.067748647
55,119.790066162
56,122.896220155
57,115.966832432
58,124.754483171
59,128.944861595
60,115.485073621
61,115.431710055
62,106.601026081
63,104.537997931
64,115.553407292
65,119.494733502
66,112.257592734
67,121.478999469
68,117.585088037
69,122.417769361
70,113.8700526
71,119.111237047
72,109.203506038
73,125.031134205
74,115.747951521
75,135.391448079
76,125.979565925
77,120.168813512
78,135.406159126
79,123.271525573
80,126.450249583
81,119.70319601
82,119.487205559
83,129.260319914
84,132.109113193
85,137.086257759
86,128.447552441
87,129.81009003
88,139.353067958
89,128.596350714
90,114.040085596
91,117.455146887
92,132.072124011
93,144.805165552
94,144.52825938
95,148.607121089
96,127.81026377
97,129.889070226
98,131.696569155
99,146.675052165
100,144.648878473
101,145.187327101
102,136.837355419
103,123.512918449
104,146.756585849
105,141.984106633
106,147.025522203
107,138.31424284
108,143.10098747
109,156.611212402
110,143.270756274
111,162.696328601
112,155.166834798
113,162.349727323
114,154.970214518
115,141.115487429
116,162.397591635
117,151.618174207
118,156.331758595
119,167.914092679
120,157.656363697
121,170.275354112
122,162.102429381
123,165.563227258
124,171.13185422
125,162.41804394
126,182.231641432
127,188.963063282
128,189.422472695
129,173.539770562
130,174.924601476
131,176.236514559
132,185.640619482
133,196.711179924
134,203.618872637
135,203.847237154
1,71.4329598889
2,62.7604077359
3,61.446436609
4,67.1798899357
5,65.9911221633
6,68.341724601
7,72.6240923231
8,57.1069546833
9,60.0665693281
10,49.2385497244
11,61.5176319468
12,65.6074803403
13,72.6435587957
14,58.1317989619
15,58.3216138097
16,62.0695790748
17,59.6017911079
18,67.1190782537
19,38.3056367188
20,54.0413887495
21,74.0590734305
22,63.9092422575
23,71.0354725507
24,56.6896271782
25,65.5181378429
26,48.1427758606
27,63.5632707149
28,67.5711927153
29,39.2175866438
30,57.0253932333
31,66.1755607457
32,73.4963625426
33,64.9732404192
34,62.1970292488
35,58.4874894752
36,67.3826429926
37,67.7524389874
38,71.1528035819
39,72.2620866347
40,64.4899235103
41,54.3147599884
42,65.2182494797
43,69.6288764538
44,53.9710834105
45,57.7411798693
46,62.3776145689
47,67.6778917671
48,66.1213315343
49,72.0245195052
50,54.6943225294
51,72.2168942157
52,69.9001954042
53,87.3186626139
54,60.5050163674
55,64.5404348775
56,57.4401363546
57,64.5669722642
58,60.320564454
59,86.3012611814
60,70.4998453926
61,69.6501266891
62,65.5919500517
63,64.0956921347
64,76.8144250909
65,68.2114347552
66,66.8510246456
67,57.912854326
68,55.658055129
69,60.0723703984
70,64.8235413415
71,66.1325999647
72,62.4096484515
73,73.0032883285
74,63.614960988
75,53.5208330962
76,67.505043584
77,70.1009581924
78,56.0551519311
79,73.6034115145
80,74.2880261472
81,58.3884551583
82,57.2328242225
83,77.9846308648
84,69.546976179
85,65.7269733923
86,66.7317938925
87,65.2399878937
88,77.9763258971
89,69.5501303285
90,75.0972948114
91,72.2114958899
92,76.5273834744
93,68.4566488335
94,68.204841569
95,62.814116314
96,80.6098202195
97,67.1274920355
98,73.3698804523
99,60.2059660459
100,66.9527371614
101,75.03753216
102,72.9666313116
103,83.2542378637
104,67.2462655168
105,92.9829206023
106,64.0141555692
107,78.1319439347
108,74.4679549856
109,71.7649847932
110,56.1096392698
111,78.8794739302
112,78.9202064936
113,69.5689480848
114,69.7666431043
115,69.4212478441
116,78.5071393279
117,71.4385787518
118,89.4345371038
119,61.6180943211
120,68.3454581811
121,86.2506437033
122,61.1803749786
123,87.0077238329
124,69.4749554475
125,85.9938478913
126,66.8943058165
127,76.6609353919
128,74.5670311746
129,77.1371114987
130,76.0390207555
131,87.6732325318
132,71.5594377907
133,90.6245152137
134,86.5907581212
135,81.6733212849
136,83.8236673215
137,77.8583157242
138,55.8893431612
139,81.7208422602
140,87.3029751857
141,76.5677928456
142,82.2163808004
143,71.6788398452
144,80.940858726
145,82.8114003192
146,72.5580490337
147,87.6087775024
148,88.4491535203
149,86.7441112459
150,80.1118496983
151,88.5064919532
152,72.5403403165
153,78.4207222756
154,83.924258585
155,81.1980906547
156,77.2576115579
157,75.2805609634
158,61.3971377361
159,84.0139933382
160,89.3566894181
161,81.3060180051
162,84.3395065785
163,84.7537128242
164,90.8028950805
165,90.9190795584
166,89.2632976475
167,100.765300469
168,84.8581707159
169,89.3995131284
170,77.2911517563
171,81.5605299652
172,81.4266384024
173,91.8488456071
174,74.4833473432
175,77.3924827468
176,81.1488502068
177,86.2760515239
178,88.545394683
179,79.2289848775
180,84.8845317136
181,91.9365218738
182,83.9120337217
183,100.306120197
184,97.6498626782
185,91.8857762296
186,90.8344704133
187,72.2762789614
188,82.4061549763
189,98.3621589463
190,99.4679740307
191,90.359188419
192,69.8145264624
193,109.345631561
194,89.289303825
195,94.7107972628
196,104.254577047
197,99.6188521217
198,96.2882093885
199,95.7935824695
200,88.9820539247
201,97.1799645697
202,91.4026772413
203,97.3676766937
204,97.727095553
205,114.463848915
206,112.311833917
207,99.0890716964
208,97.9566016588
209,88.1168353222
210,92.028648444
211,84.0117454542
212,96.4105640269
213,101.904161501
214,107.790699982
215,105.527451669
216,106.68500126
217,112.704728351
218,99.0696203594
219,111.432051994
220,99.4328302427
221,116.961335389
222,102.491259301
223,111.000883606
224,108.433480536
225,114.520679602
226,113.383893854
227,111.708889623
228,121.852435529
229,123.052127329
230,108.196581778
231,106.547074638
232,112.27912138
233,134.243805892
234,117.602728126
235,105.008726522
236,127.037453271
237,114.450422406
238,127.2121113
239,117.18147723
240,109.169767817
241,115.583746709
242,115.877849711
243,118.247817456
244,120.823358985
245,132.450421584
246,139.384727808
247,131.801282445
248,122.362155907
249,124.536986544
250,128.586447161
251,127.425502552
252,120.425780967
253,122.948020651
254,136.829838323
255,130.525324835
256,120.08836597
257,126.543327996
258,128.276653254
259,137.433836945
260,144.52023246
261,139.283108817
262,128.51934269
263,138.076589363
264,126.443461344
265,141.916526662
266,144.906670058
267,139.948132987
268,139.96760662
269,150.594630149
270,150.64950374
271,150.317314792
272,144.808791357
273,136.97405874
274,156.605718247
275,155.403152856
276,154.20459662
277,174.576471105
278,155.917771132
279,156.425105936
280,156.204734995
281,152.343643049
282,140.811488602
283,164.978506474
284,160.465746384
285,160.731092986
286,162.707310915
287,167.718001891
288,182.388328575
289,167.498370663
290,181.700106956
291,167.909083109
292,170.349660532
293,163.942096367
294,167.934696145
295,172.234211573
296,173.003183178
297,170.044440742
298,174.559139541
299,184.801661567
300,171.437344005
301,177.04980224
302,185.771422908
303,181.460856756
304,179.167437398
305,182.534060786
306,187.750207721
307,211.741797415
308,185.159700446
309,198.193617558
310,197.997601824
311,207.042856635
312,205.568208265
313,200.447886116
314,198.463456993
315,180.508232449
316,217.240054771
317,198.776245178
318,213.455713001
319,219.617316858
320,227.521492338
321,232.839641617
322,214.617024105
323,209.873584535
324,225.464551861
325,218.869746676
326,213.185055318
327,219.970225422
328,232.44394893
329,229.028154313
330,213.023469304
331,231.200107572
332,239.565015584
333,228.388007761
334,239.075155854
335,249.906368353
336,250.868300825
337,239.547913001
338,256.729238042
339,259.627621363
340,261.032919607
341,263.559248262
1,49.905976352
2,56.389865421
3,57.5170250917
4,38.038164399
5,52.0991674837
6,71.2792857617
7,53.0117229173
8,53.4216909798
9,68.7728974627
10,58.4245420555
11,64.6483276447
12,57.6841653276
13,47.0019754232
14,67.6608300104
15,48.0255581961
16,58.0670385793
17,62.9251535363
18,63.5637209133
19,52.7003636909
20,63.6453155153
21,60.635099356
22,70.6674463735
23,64.9267328638
24,48.1282208771
25,69.3001694502
26,43.1995765754
27,59.3616390337
28,65.4672453391
29,52.8126804804
30,66.7658182399
31,51.4734510211
32,56.1295864726
33,44.1638280241
34,53.9437440995
35,65.6350456629
36,63.981840811
37,55.8057215004
38,76.1096156832
39,61.8555200035
40,72.6793196991
41,45.8931489218
42,59.9006585067
43,64.0480221295
44,64.1856846455
45,51.5607482186
46,71.7363718492
47,70.7505846942
48,60.9685223354
49,48.3121217718
50,68.8732293207
51,74.2450603854
52,62.6498110523
53,64.1044844069
54,72.6547954962
55,61.9521783647
56,57.4192246566
57,70.5857504211
58,70.4952966175
59,67.9456694781
60,70.5795964506
61,73.3516102471
62,73.9829255198
63,71.7710411221
64,67.5287375929
65,52.3815740224
66,83.8526135264
67,75.9621928921
68,68.3509820164
69,65.9383814412
70,82.1517902025
71,77.3926103422
72,70.2177682151
73,80.7107365106
74,73.3954567706
75,84.3442545411
76,75.0210779008
77,83.3213266196
78,66.8076307993
79,74.7726382159
80,80.8255796585
81,78.2096364741
82,87.5331758817
83,93.8482970711
84,86.4937667546
85,86.7352967124
86,96.849649153
87,99.3685698885
88,83.2691816177
89,77.1429042981
90,78.8123350281
91,83.3666506776
92,83.4074606519
93,90.6634125682
94,96.0462477947
95,95.4558072159
96,92.9497373307
97,79.0786382727
98,88.9532384006
99,79.3161739977
100,92.870518602
101,102.810004437
102,107.876195443
103,100.230298265
104,97.9449911549
105,104.476498265
106,100.086828721
107,104.782533392
108,99.6192142657
109,105.085735663
110,120.838186819
111,105.971211824
112,110.532145487
113,109.202565745
114,126.605204787
115,113.202628466
116,108.261856327
117,118.261563655
118,133.969068565
119,127.372429161
120,113.566365802
121,117.628442248
122,124.915162074
123,125.071852422
124,113.39469558
125,148.667599527
126,134.047922433
127,127.40075181
128,139.310843581
129,125.191436408
130,135.795352157
131,132.339581835
132,141.2011943
133,149.694525018
134,139.004830573
135,139.789022261
136,145.242006443
137,151.950107385
138,157.228684747
139,153.216495919
140,163.354723517
141,155.125110651
142,168.436116626
143,160.519059902
144,167.467356808
145,189.396929431
146,171.888284621
147,174.738331105
148,194.449465371
149,191.04177002
150,193.807731681
151,200.075143733
152,195.088408486
153,193.844871591
154,217.199790006
155,206.780068439
1,84.8761977325
2,75.2208127602
3,94.0750773302
4,92.4091917601
5,92.2764699579
6,85.5425861952
7,87.7039196653
8,96.6372394684
9,87.6969262285
10,68.7308757879
11,91.1785895874
12,90.6188284666
13,97.2963965313
14,96.1664695779
15,86.2522913915
16,94.7025798817
17,81.8938611835
18,92.65875474
19,96.5844152208
20,85.7849547814
21,87.9417774624
22,91.4851296445
23,70.2890054141
24,78.3929934997
25,77.654797914
26,87.6843988282
27,98.0099516221
28,79.1703447182
29,91.9512626878
30,103.035453207
31,90.9080057766
32,89.2201940551
33,87.4341378107
34,94.4656288294
35,91.9104986482
36,103.85686773
37,95.6987851521
38,75.8198238829
39,93.3978986517
40,87.8487244249
41,85.1278359452
42,107.18808252
43,82.3478199754
44,88.0841565826
45,92.5786057241
46,96.0248815721
47,86.8952899526
48,74.7717597167
49,103.183445033
50,88.8183362587
51,92.1860465791
52,97.8780538521
53,88.5818199864
54,96.6572688182
55,68.0418600854
56,101.535523992
57,108.157666897
58,70.4912467768
59,81.6610792249
60,80.3060913737
61,78.7370786707
62,86.4087785161
63,86.8806028905
64,109.29597076
65,105.860341694
66,103.94051452
67,89.7851368046
68,92.1039284097
69,75.5498892595
70,108.35009075
71,75.6665984176
72,97.7216479482
73,88.6631217908
74,97.200427948
75,98.0016116283
76,88.9835247695
77,79.5149455543
78,88.8874831819
79,101.447400268
80,92.9403421649
81,97.6714672222
82,81.0084357742
83,90.2521672694
84,95.2942110424
85,106.094212333
86,107.943648531
87,97.1191186521
88,80.738715969
89,94.9677149227
90,83.0230654862
91,121.658346674
92,97.9868607371
93,95.2000361943
94,85.0237957599
95,92.2512519028
96,96.4709180351
97,103.777201066
98,104.419722997
99,96.1738765495
100,92.8490877025
101,108.684871723
102,102.361327085
103,100.823406944
104,103.283666378
105,113.692030279
106,113.189425636
107,88.4866565985
108,101.344722199
109,114.8547397
110,97.3191276286
111,94.0674526463
112,105.80140767
113,99.8095619695
114,109.838556598
115,94.0014302308
116,105.589876525
117,107.228243214
118,98.7254454395
119,91.0751090578
120,99.7302287023
121,103.046101874
122,111.039364703
123,101.630687293
124,114.910269995
125,89.4575809128
126,104.483841629
127,104.502757845
128,102.490574051
129,108.072241943
130,96.5061113573
131,99.4034447481
132,113.740684528
133,113.014984703
134,99.5772614978
135,102.591720648
136,107.394619957
137,113.081318001
138,113.492042683
139,105.740374066
140,115.995354528
141,104.470560546
142,113.709596147
143,91.5178910014
144,109.745983517
145,112.675129079
146,108.255865481
147,109.404812063
148,100.392180858
149,120.051094577
150,97.0592739321
151,120.018338634
152,115.796120046
153,115.200713813
154,123.167808118
155,125.420173448
156,120.69425287
157,123.123392823
158,123.120358758
159,129.778643234
160,114.881040314
161,113.854046181
162,122.785658283
163,125.963089505
164,121.06273451
165,117.550999461
166,137.902819276
167,109.338566301
168,121.878603513
169,128.296039484
170,125.235527571
171,138.755202262
172,113.275520774
173,133.388025731
174,136.215987543
175,139.544893076
176,128.246882417
177,115.14334133
178,123.688397896
179,128.180595981
180,131.233928654
181,145.883592694
182,125.483110287
183,137.216689152
184,131.555430654
185,137.561039069
186,136.0258859
187,135.934462626
188,150.010174375
189,148.372388589
190,142.547630019
191,146.030430188
192,141.944349759
193,140.327377105
194,148.096348932
195,154.16502948
196,148.388360391
197,139.738130409
198,140.048985367
199,151.64478842
200,152.928302218
201,151.43138042
202,159.28552781
203,174.403584039
204,140.718263099
205,155.792505233
206,154.115877862
207,165.922752375
208,160.013053381
209,142.525385121
210,165.424509606
211,171.283627022
212,168.658973861
213,165.423135054
214,176.446594747
215,165.949013447
216,162.345548586
217,182.763191189
218,164.49625845
219,185.109306746
220,184.692778142
221,169.354857447
222,183.951073693
223,199.024136025
224,187.56798089
225,187.149771128
226,174.671764748
227,192.578397728
228,198.129042037
229,205.980825465
230,175.89157578
231,201.456020391
232,192.035288557
233,210.608439513
234,208.478054356
235,211.353267826
236,217.19065312
237,216.197761861
238,198.970910531
239,218.979961208
240,227.575786024
241,207.015630145
242,221.982418236
243,220.572777907
244,227.358576537
245,224.699710834
246,242.737286548
247,241.600095569
248,234.715152252
249,239.609069356
250,253.382729493
251,242.228645175
252,253.703733817
253,268.745213053
254,250.800594262
255,261.443442451
256,267.042695151
257,270.297526817
258,283.147326973
1,45.3714317669
2,60.2132098596
3,43.6976797982
4,38.3013495959
5,49.5059399514
6,49.0096741103
7,49.7608002452
8,59.3363747354
9,53.0473943843
10,44.6031010011
11,41.372625264
12,65.6862752857
13,56.331661797
14,31.9745562928
15,45.5628173175
16,58.714670229
17,51.5945311338
18,33.7682799095
19,40.2428632853
20,49.4861155351
21,44.2723018603
22,36.4654215035
23,63.97927129
24,46.0857707466
25,49.7340933509
26,62.3135995233
27,40.0346360676
28,57.2060535928
29,56.5188882765
30,60.0587335761
31,62.1594454626
32,57.0764443487
33,60.8669361304
34,61.830770518
35,55.1466554209
36,53.8076957094
37,66.6625222646
38,45.3145520926
39,35.0128635126
40,51.6232136082
41,64.8656673258
42,51.8261290357
43,47.7481774719
44,49.4612810114
45,51.2315456796
46,46.1961629542
47,57.0075727442
48,69.5675169095
49,74.116905537
50,55.7141412
51,38.4174588759
52,62.4240839105
53,59.6304579666
54,54.5280810114
55,49.7230971595
56,45.1433977848
57,46.6237776318
58,43.5758039808
59,47.6237132377
60,51.1260417381
61,66.111974612
62,60.2269290429
63,56.7172604757
64,44.7327688072
65,60.7945454826
66,56.7896247808
67,62.8021209867
68,56.2735215761
69,62.15654308
70,65.3583647598
71,46.5148717544
72,59.9998072629
73,64.30961011
74,51.8995553704
75,64.7450192276
76,52.6524171706
77,59.4850955992
78,44.3984312394
79,61.4759257407
80,51.0280622909
81,64.561730344
82,52.4198150963
83,63.56914794
84,54.5559435077
85,49.8468030839
86,67.7778093177
87,49.4312102227
88,67.3316784831
89,71.8992754816
90,59.08982808
91,53.8226408875
92,75.1434072625
93,53.5353487137
94,53.7743179883
95,64.5889811527
96,62.9406509968
97,56.7888352025
98,63.7769552473
99,62.8013610537
100,69.4083272578
101,70.9008470879
102,55.9158122763
103,64.7549613653
104,71.5915972473
105,67.8839643102
106,50.2934663915
107,72.7586486671
108,63.4819730889
109,56.9907237688
110,75.7616496276
111,63.7636907234
112,76.6057473195
113,69.608380671
114,69.1675398413
115,67.4900610554
116,55.6240784552
117,52.2337671257
118,49.961610563
119,71.8841910367
120,49.2766697606
121,84.380555625
122,56.1623049793
123,64.0946887141
124,57.3655656101
125,66.9391888863
126,58.9475570749
127,70.2367514863
128,69.5646212484
129,91.9661014355
130,64.4545371279
131,72.520459541
132,59.3314662554
133,66.8355519177
134,87.7261308876
135,72.7052476998
136,88.8142261745
137,64.7170034695
138,84.687178842
139,78.9848158658
140,76.8724582805
141,73.6098279885
142,77.9753299168
143,74.1575487701
144,74.5801028507
145,76.8961006564
146,77.7759393182
147,68.1129772099
148,76.3747063905
149,73.2004289966
150,80.1844045311
151,71.2281376721
152,56.3219529296
153,77.3935573984
154,76.0932406512
155,70.3764705357
156,85.5461303872
157,95.0072955545
158,83.2539466857
159,80.5637320587
160,81.9777651274
161,92.5224565887
162,85.5774748652
163,87.8644380388
164,84.4054193697
165,77.135149234
166,80.2341247831
167,90.5099130458
168,95.0328582918
169,79.6207245132
170,80.333838526
171,76.7252088447
172,84.8633049125
173,84.1892152515
174,87.9420932005
175,82.7947388855
176,82.4761502804
177,77.1768627693
178,90.0340326112
179,106.893936546
180,97.4081901244
181,88.3593662367
182,96.574854546
183,82.4747086828
184,106.894996276
185,109.509974433
186,114.492729554
187,99.1929904146
188,106.83466173
189,99.4958461674
190,104.673779053
191,105.872575712
192,91.4473395523
193,98.7795701178
194,97.3208624362
195,116.025357611
196,85.4359437484
197,108.580349037
198,120.53401195
199,106.346848028
200,103.444700733
201,108.013782647
202,120.82989135
203,105.900914323
204,112.669846472
205,120.670820956
206,112.498826019
207,115.901603588
208,102.990493776
209,116.644124653
210,119.723366718
211,121.808102818
212,128.88713954
213,133.738961631
214,107.955148979
215,132.663071671
216,100.671901185
217,121.752030765
218,139.14177125
219,129.587838903
220,130.51618044
221,122.785141365
222,141.017647527
223,136.460061445
224,126.926795248
225,126.667902718
226,136.6092814
227,127.439168333
228,137.61228759
229,128.882604061
230,142.598134483
231,148.428576117
232,156.039501515
233,141.338606454
234,149.284618912
235,136.368014925
236,159.352471597
237,152.581209245
238,156.262559013
239,167.120183518
240,152.865033519
241,152.748893389
242,161.174367057
243,154.378654469
244,156.357790774
245,158.819803369
246,163.537645067
247,160.100963515
248,163.058348957
249,174.307070824
250,176.903083524
251,160.688091008
252,162.148824488
253,171.956321389
254,190.456933967
255,163.682946326
256,179.489692432
257,180.174360225
258,198.339747408
259,169.357229979
260,181.60401124
261,178.626196032
262,189.369745786
263,187.415443542
264,199.398078891
265,198.442964773
266,198.13137635
267,200.040087545
268,200.837582206
269,207.697222667
270,221.619577456
271,222.313181078
272,209.961124914
273,227.895052094
274,215.431654651
275,232.901169456
276,225.180983939
277,215.473225947
278,239.066480826
279,235.781029078
280,243.526170556
281,223.132730076
282,244.02998731
283,255.721437219
1,49.7198972334
2,53.02836848
3,52.8696841021
4,43.5158792855
5,51.7371241969
6,49.2030481082
7,45.2862924725
8,54.1674153789
9,50.9347203908
10,51.9733462975
11,66.3210338557
12,38.5441480165
13,62.6261077401
14,59.3997096725
15,43.8253748576
16,43.7480343125
17,60.6120460801
18,62.8062686198
19,53.1751788519
20,67.5636450366
21,55.1920293076
22,75.5587383745
23,51.6275633568
24,48.4035523329
25,67.2654152066
26,55.3295263374
27,47.8906619811
28,53.9131096949
29,66.5613558694
30,47.2028528988
31,57.3365997165
32,54.6944114804
33,51.0626084589
34,70.3988667618
35,41.6190143543
36,53.1633219342
37,65.323768684
38,67.5970503269
39,55.6230253751
40,61.0457969638
41,39.6757731548
42,60.8389344514
43,68.6221361991
44,61.8585907408
45,72.889023839
46,61.683319464
47,50.0269549988
48,70.4770081019
49,46.0031623712
50,67.1303390388
51,51.4628699461
52,47.142635935
53,73.5347838363
54,57.6725391853
55,64.8802159185
56,64.6825371878
57,65.5941891271
58,71.9726253
59,61.2228605824
60,54.0551251902
61,67.9035491883
62,43.0471112532
63,61.6066203153
64,50.5655016689
65,41.6825153911
66,54.9392877409
67,65.484941204
68,49.7011408606
69,72.141594138
70,62.5112396439
71,50.0213663682
72,60.7379267339
73,57.6671288116
74,55.391897202
75,56.8206711017
76,48.3123815584
77,64.22345534
78,62.8154607873
79,60.5458589123
80,61.8999381816
81,68.9772910776
82,61.2517954816
83,58.3672943656
84,53.606032943
85,64.0909162161
86,57.7180279545
87,73.1437388206
88,58.3039350105
89,67.7257033834
90,63.2195957218
91,61.1972715705
92,57.1224931724
93,53.3185725355
94,65.9686538801
95,49.3721696043
96,62.2430065903
97,60.2745612852
98,49.0390406911
99,63.7551439783
100,70.9462681025
101,59.4403488414
102,68.3598980814
103,62.3600771115
104,72.5489397355
105,53.9096923617
106,71.335833931
107,65.0777008257
108,65.3171985718
109,58.6043270376
110,69.6751322786
111,68.9694509225
112,56.0168221942
113,63.0633971945
114,59.8848944895
115,68.2992220691
116,62.1439180241
117,69.1672783579
118,68.5374544554
119,74.6162006171
120,59.0527829518
121,62.8995827987
122,88.8134319688
123,55.7183143344
124,49.5623816857
125,61.6366576072
126,63.207969999
127,54.9676455105
128,69.3800684815
129,60.383492601
130,61.594922435
131,48.6833219924
132,61.0287942389
133,72.69713903
134,58.7628725833
135,71.7254069082
136,62.250536012
137,79.0584890342
138,53.6577700486
139,57.6995443131
140,72.4274344521
141,83.9310083702
142,63.41972422
143,75.0434667532
144,75.2407066087
145,75.779597008
146,66.5027049241
147,90.9380665673
148,76.5422226941
149,68.8348802789
150,87.4905282597
151,75.8852827852
152,73.341822311
153,66.9205256755
154,70.5609606851
155,63.9500300483
156,69.1072467757
157,84.7381938325
158,75.4445287766
159,98.108195955
160,68.574440742
161,56.947108268
162,65.3415644046
163,81.5140629481
164,60.4624210482
165,71.1832779993
166,79.8701171023
167,88.7666587842
168,71.7533983392
169,84.1966990396
170,73.1313422836
171,97.5754125798
172,84.1757058761
173,76.020372048
174,80.3708103325
175,82.9244797807
176,72.162039526
177,93.5213100659
178,84.2417471103
179,67.8074047051
180,80.6491071839
181,79.753134497
182,102.674955352
183,71.195519547
184,73.1922464942
185,81.0430376866
186,88.2817626687
187,85.8734231934
188,87.5779079567
189,93.8453392611
190,85.3634668917
191,92.8195152837
192,93.9309674809
193,85.9190659458
194,100.717388691
195,72.8857422692
196,82.9236113276
197,74.6491624915
198,97.0870730449
199,102.430658159
200,77.4393866572
201,87.4919890382
202,86.3207917024
203,108.831179232
204,88.9234096962
205,86.8415981113
206,88.2921663656
207,98.423250679
208,91.3335499554
209,81.1537471419
210,88.0427178177
211,102.986819709
212,85.1804711765
213,84.9294107869
214,102.39185489
215,86.4713760451
216,100.700002106
217,92.4462643811
218,104.701845981
219,101.11542986
220,88.0094523935
221,87.9127076117
222,106.531142191
223,102.747869119
224,98.1833629706
225,106.094695897
226,96.8260608619
227,100.131425045
228,101.548023227
229,101.297069335
230,108.569970926
231,92.4444967152
232,107.926705072
233,101.905965505
234,107.303014423
235,114.903140808
236,90.4509895643
237,103.253260705
238,108.444276878
239,103.918535382
240,115.389606262
241,99.0348363222
242,103.971410842
243,128.240643976
244,106.066682934
245,117.823116053
246,101.174160871
247,115.112007663
248,107.880559498
249,124.877103395
250,119.82655929
251,121.702159578
252,97.0914553014
253,131.707579432
254,115.700063385
255,134.242855966
256,123.962040159
257,110.355222
258,104.481093167
259,117.539614615
260,132.741707805
261,113.197045637
262,128.345494369
263,115.474345298
264,120.872985192
265,131.274673335
266,143.312763919
267,132.504390147
268,107.300669246
269,131.700632901
270,122.959014134
271,126.256618162
272,131.888889826
273,135.729177627
274,141.92440461
275,131.70592255
276,141.46920125
277,144.548281914
278,133.843300362
279,137.159822761
280,144.494474068
281,123.954362665
282,147.438491392
283,144.73760696
284,151.11265933
285,145.959087867
286,160.98216139
287,150.119109073
288,146.5933919
289,146.856656186
290,145.261249497
291,155.889502211
292,152.409902025
293,157.266260855
294,161.707893627
295,153.128330602
296,150.845853848
297,164.298404952
298,163.639889805
299,155.27112996
300,161.820683889
301,167.7527081
302,154.446183484
303,170.320721159
304,176.383141941
305,160.132816287
306,154.662566477
307,163.149511386
308,169.055788286
309,171.825725313
310,181.011697866
311,163.607398008
312,176.596787643
313,171.191959419
314,191.370935892
315,176.243316454
316,168.96844951
317,194.268687512
318,178.160929643
319,176.956098696
320,183.658064421
321,172.457337331
322,181.939530176
323,190.731559528
324,187.591103374
325,217.314384706
326,191.210872106
327,193.295991135
328,208.632827245
329,205.16669011
330,208.220458003
331,196.984773729
332,206.948166902
333,213.378467788
334,208.827737367
335,212.291822931
336,221.923226155
1,37.6785988926
2,40.9831996153
3,47.2630811216
4,62.1038650503
5,71.0237934382
6,55.3611642294
7,62.4130545076
8,55.4293533977
9,46.4861824371
10,65.0639765137
11,53.6606788975
12,44.8562299927
13,47.6855835733
14,63.2484652409
15,51.8868562817
16,58.2961141902
17,60.037923804
18,57.8401156473
19,49.2986178552
20,51.5736577156
21,58.5082973168
22,60.5488168234
23,46.5674116671
24,45.7698516285
25,43.4663924464
26,56.0722702491
27,40.5192571295
28,50.4578100512
29,32.1118745614
30,45.2562066961
31,49.5795536733
32,65.5535017263
33,56.2292344946
34,45.5689133466
35,68.6047152797
36,60.7952965124
37,69.1252041034
38,65.884359073
39,38.6445761489
40,57.3792815808
41,56.6878546516
42,59.5644319862
43,53.5900618751
44,60.7247810765
45,44.6100345143
46,49.4572148517
47,48.9051306981
48,58.2712570272
49,43.5319760164
50,51.7835522229
51,51.3697372133
52,49.3980427871
53,62.7317291867
54,58.0873150188
55,63.4022030776
56,68.7757200469
57,52.2734734048
58,35.7435400477
59,57.0622018599
60,49.2143270404
61,52.3275830684
62,61.5497283006
63,54.677179495
64,71.9800938373
65,50.087724767
66,53.4186888573
67,50.3946458104
68,70.9656611527
69,66.6395503165
70,77.6620912474
71,52.6936941306
72,58.1134897438
73,62.7182936887
74,61.2947613994
75,53.6054999215
76,62.415726358
77,50.2251149758
78,62.449226039
79,62.5301093955
80,61.9298206586
81,64.6254456123
82,68.6151800724
83,58.8653239316
84,69.1445337165
85,62.5009985727
86,83.765846432
87,46.9196496493
88,48.6552808912
89,52.6783763333
90,65.9017267606
91,72.1595816574
92,56.8428516026
93,63.8478432693
94,78.0964374284
95,63.5382243258
96,72.4096540969
97,63.5807649224
98,77.412397043
99,52.6172343453
100,63.5247616583
101,68.2992630956
102,76.5561263735
103,68.4202641091
104,70.2367708341
105,68.9647950286
106,73.7466460356
107,67.9509461541
108,83.039874361
109,67.2888893625
110,72.3301629613
111,74.9441852141
112,67.1363379168
113,84.6691422165
114,80.1747304612
115,56.9874378902
116,79.111014802
117,75.217074297
118,94.1044791669
119,79.6007137144
120,80.2409700475
121,70.2584877432
122,86.8556471075
123,88.2523551382
124,76.0388032729
125,83.2196121253
126,88.805018305
127,91.1981552981
128,97.6529250739
129,76.9457588825
130,92.7590192448
131,73.1792441428
132,92.8552607116
133,89.8966979965
134,71.8802367752
135,103.364180546
136,98.2304575841
137,94.9307313546
138,93.772194454
139,92.3143937896
140,99.6485344938
141,91.1747954797
142,86.8526280331
143,102.720176164
144,102.933964753
145,114.115207058
146,111.646571318
147,106.952566811
148,117.130525638
149,111.728397365
150,106.915930665
151,112.251083536
152,112.494604071
153,107.707836713
154,131.591906285
155,121.477978695
156,107.201128212
157,123.588333392
158,135.757559031
159,127.767775314
160,156.436417864
161,129.937790718
162,139.980592696
163,146.145137409
164,143.269884478
165,137.856655881
166,132.190242622
167,133.689323523
168,150.012173413
169,140.429628395
170,157.364816919
171,156.623093195
172,160.462907777
173,169.417942528
174,158.789536794
175,156.524357868
176,187.613745789
177,175.647622605
178,195.200581652
179,188.087389563
180,198.310577938
181,177.009046221
182,184.467046336
183,206.24068717
184,214.02176547
185,209.114730363
186,221.607149326
187,219.023014157
188,222.547239347
189,231.405236751
190,233.241924522
191,248.691428377
192,250.265926805
193,240.792836368
194,246.906573767
195,260.025592537
196,252.530805448
197,276.792297058
198,292.536415147
199,303.610510138
200,302.061535618
201,310.694776459
202,308.590050051
1,62.6318932107
2,70.8592935146
3,46.4979935083
4,55.292020487
5,60.2831925045
6,48.3393189382
7,52.1958936525
8,51.8221684136
9,46.7891856992
10,62.1909716851
11,60.9225824077
12,55.1322999359
13,51.0986805244
14,58.8253424574
15,52.9324536393
16,52.3961710507
17,53.4841713167
18,45.0660961181
19,62.651494225
20,63.165365801
21,35.7796854572
22,60.3964047143
23,65.0951960601
24,66.2022852938
25,66.0779312785
26,64.7586120419
27,39.8016921
28,52.8679391963
29,60.7773081446
30,57.7161738077
31,58.1612322795
32,55.7776468263
33,51.6392025347
34,67.755789445
35,58.4258637953
36,55.6449991693
37,63.1048763744
38,57.0814559024
39,54.8993445688
40,73.249135623
41,45.7046582095
42,67.6624706113
43,77.25583322
44,73.1486203471
45,66.3179687282
46,71.6781371935
47,55.0408554762
48,65.5012149978
49,61.398606441
50,49.9883371584
51,75.8104746393
52,65.2829292301
53,78.2468085369
54,76.249122329
55,55.7604694738
56,76.3807026343
57,52.1874219325
58,59.319104021
59,52.8789600348
60,62.4064718205
61,76.1088238039
62,84.7112209926
63,93.9413122426
64,77.6107959524
65,72.0458488463
66,71.9710342308
67,73.563321698
68,66.813362426
69,71.4681187046
70,76.6546204351
71,72.4929400732
72,85.6493693228
73,79.5286617028
74,73.358719361
75,72.7410204357
76,57.2706912034
77,80.7209725762
78,90.8660735455
79,100.521164189
80,73.0301880232
81,100.541303558
82,75.9511811861
83,79.0138934393
84,64.6107765619
85,82.9243549014
86,93.7261924603
87,81.0352378172
88,85.8455094129
89,79.9148985283
90,75.8330072592
91,94.4271888535
92,100.682425333
93,98.7835461983
94,82.6308071148
95,111.079158346
96,74.6488863351
97,86.5802824883
98,87.7103834282
99,104.448850415
100,82.620164156
101,101.108045188
102,101.356783082
103,94.7835945024
104,78.6673042255
105,102.580591388
106,113.724081195
107,97.9334562724
108,94.3611330812
109,106.828474746
110,96.6151876795
111,118.262253107
112,99.1306506579
113,112.536775824
114,106.962793747
115,113.430009811
116,95.529743767
117,124.41749797
118,119.381953455
119,125.020339087
120,116.074141073
121,120.549675021
122,120.519208802
123,118.94007799
124,122.97041913
125,125.024436505
126,134.422536138
127,133.623446601
128,121.653059314
129,126.08094041
130,145.80778434
131,141.692116273
132,123.128781309
133,148.566464561
134,146.083440805
135,147.215442752
136,151.449296115
137,144.588366115
138,158.391753184
139,158.783701338
140,152.651170309
141,160.757921416
142,151.74205135
143,166.989829895
144,163.755711114
145,165.280499914
146,163.691054716
147,171.651466564
148,181.03791743
149,161.058564196
150,182.447733261
151,181.716822765
152,195.166722299
153,185.904040144
154,183.302711188
155,187.139298042
156,197.3083317
1,44.3842112665
2,55.1062213122
3,50.2808612659
4,45.6988854639
5,54.5212882733
6,41.6871332875
7,60.9317644177
8,58.8401267549
9,60.4171221945
10,56.3698640886
11,63.5138998026
12,50.8278671915
13,51.1100748128
14,49.3934108888
15,53.2242251228
16,79.5262582828
17,48.9476291391
18,64.5605387018
19,55.8485832162
20,53.0284234275
21,50.9268615977
22,56.4487462826
23,54.3446843558
24,47.1789880992
25,58.3616386106
26,58.4172223144
27,65.4315806678
28,46.6353478274
29,53.9821064587
30,50.6490175032
31,75.4452827015
32,64.6670937503
33,67.8493294369
34,65.5742753669
35,68.4082242327
36,52.7810941307
37,56.4100837715
38,51.1481944154
39,55.5756908618
40,63.8658911821
41,54.7332134951
42,60.582182738
43,55.7655910566
44,58.0902678731
45,62.4835921695
46,73.9322953196
47,52.9963819177
48,72.7244218476
49,60.0867767013
50,57.6304315302
51,58.8765006842
52,79.4375222817
53,65.7710250927
54,76.443530251
55,57.8535152183
56,72.9728976628
57,58.706480427
58,69.0787478178
59,75.7042798358
60,68.3618553797
61,55.8516023342
62,72.5369254593
63,72.6687426455
64,61.9523611562
65,48.8692835879
66,60.631862894
67,62.5954114571
68,57.0152651893
69,67.6690153123
70,69.3031555828
71,63.5513886043
72,56.1983691528
73,79.3155282641
74,63.7548435602
75,56.403697962
76,61.9258234941
77,66.4259516711
78,65.1278787735
79,78.0390677721
80,72.8491018139
81,76.4718864421
82,62.7907066459
83,72.0898838636
84,77.417899083
85,103.775675257
86,83.6320217703
87,70.3801386763
88,70.2876834128
89,70.4983399274
90,57.5850610036
91,73.1705347963
92,76.6756595344
93,76.427763236
94,72.6337842749
95,69.3659253929
96,77.7212550729
97,75.612409147
98,91.0902999127
99,70.1467775916
100,84.021865812
101,94.3232347962
102,82.4726167915
103,86.6218662585
104,65.8303782717
105,86.9387928255
106,88.9249893784
107,88.9006034785
108,67.1961942175
109,79.9133541297
110,86.5368285061
111,92.7602385108
112,88.7350666534
113,86.2756302615
114,104.490534167
115,98.6261364567
116,92.2798009854
117,79.3714680201
118,65.772062848
119,101.038276239
120,79.1576493061
121,92.7208183368
122,88.7433365074
123,97.7754911006
124,93.2326756563
125,95.8689995735
126,93.1371416335
127,96.2130544632
128,88.2623527454
129,107.311084715
130,101.146059953
131,107.401847547
132,117.866312161
133,110.222833954
134,80.8685772217
135,111.912901405
136,102.999166519
137,113.226961698
138,111.124363079
139,109.074967882
140,127.290136717
141,117.100744947
142,115.294753483
143,98.007827325
144,115.49675801
145,137.473210359
146,112.54476024
147,123.057932959
148,118.210366776
149,124.126263052
150,131.704879898
151,112.684064279
152,145.780242523
153,118.834412976
154,130.435278072
155,119.479356967
156,132.105620122
157,121.052748387
158,136.01075509
159,134.673255153
160,132.841647375
161,137.784037052
162,144.270488394
163,155.314452096
164,146.887775851
165,140.695782592
166,158.028270543
167,149.87518795
168,172.118034221
169,158.251239654
170,159.101876945
171,152.904117801
172,166.08902561
173,159.20136199
174,176.690654075
175,165.997529327
176,170.669377429
177,173.770884165
178,189.193773667
179,194.703480388
180,207.547827678
181,191.133881286
182,199.862271948
183,200.533381472
184,197.66426984
185,188.645599839
1,78.2358089757
2,67.807003876
3,79.2776613208
4,87.181630029
5,68.5443332221
6,62.7872732612
7,83.6839521281
8,80.482261021
9,75.3347041748
10,70.5656197515
11,74.6620516078
12,86.7230791198
13,81.8997501726
14,79.5962098295
15,83.4988003521
16,67.5209238041
17,74.9221893116
18,77.5675333059
19,71.6973376375
20,85.2783547384
21,72.2784691601
22,79.9265210536
23,78.9564523371
24,65.3938587414
25,72.7000048961
26,75.3309353273
27,73.2286787296
28,78.3474081866
29,93.6173743073
30,71.1694284768
31,85.348745045
32,82.7261138966
33,77.2831661369
34,76.7343335789
35,82.6977154578
36,83.0777020209
37,82.4289953258
38,80.05106765
39,94.4512798801
40,85.1817538025
41,69.0801784485
42,72.1682427483
43,84.3472870629
44,70.9258368919
45,86.0517430544
46,77.5377354845
47,65.2588594093
48,90.0806453828
49,62.9856127539
50,81.8603412558
51,86.6484157215
52,74.1633650598
53,95.333267284
54,78.6567401942
55,73.9517305028
56,79.601834354
57,87.4392797615
58,96.564167368
59,88.1446034364
60,102.875793814
61,88.7561350871
62,97.3130449059
63,99.5933574228
64,77.2484795085
65,79.5413199117
66,82.9854854895
67,99.1105429302
68,96.15113393
69,89.1443894039
70,88.6447693527
71,83.9006606694
72,86.9361331025
73,89.039338967
74,71.1357164332
75,83.6395156981
76,87.1711684578
77,100.279890968
78,79.8222536634
79,85.8691751355
80,105.193102369
81,86.1066788203
82,102.982186293
83,113.199424756
84,93.7226777179
85,95.8801140582
86,103.374252654
87,92.3526710755
88,92.467406987
89,94.6809809689
90,93.7461116774
91,101.107352423
92,85.9826212218
93,108.388365183
94,88.1139985708
95,97.8007181025
96,111.223436482
97,97.2194220863
98,109.386631323
99,90.3448192833
100,119.021570655
101,102.021366235
102,101.56359085
103,120.864970991
104,82.5545763067
105,87.0293229177
106,91.9116960783
107,92.3352029488
108,98.0959937297
109,90.9231033325
110,108.579553467
111,100.248374565
112,89.8076889181
113,116.127020407
114,100.628072907
115,98.6756013863
116,94.9493544838
117,104.574283795
118,101.53568878
119,115.738552511
120,111.725177706
121,124.53114098
122,100.517777931
123,99.922893222
124,115.011830764
125,122.568810651
126,120.816399178
127,124.997787852
128,123.706381144
129,108.610435884
130,100.500526118
131,121.948373856
132,112.907887763
133,113.5341265
134,118.760044701
135,133.043753248
136,110.368149601
137,114.071555943
138,110.50526971
139,114.153651104
140,119.119211948
141,109.40217921
142,128.22760048
143,131.773159812
144,132.525971568
145,131.152208075
146,122.648768418
147,130.736806469
148,117.405410879
149,150.888911375
150,132.35433885
151,123.61566285
152,137.949200722
153,126.514070707
154,142.151257363
155,146.919801958
156,138.143424136
157,138.527258434
158,149.284836959
159,136.308499518
160,153.092471755
161,140.24226664
162,129.739992766
163,160.388369152
164,155.984616074
165,164.751338924
166,158.351991176
167,152.447740303
168,155.609683518
169,163.010087083
170,177.679179162
171,159.21328558
172,166.490734352
173,163.53436307
174,166.801227762
175,148.651637151
176,157.945164292
177,176.923872127
178,169.131272249
179,173.289877407
180,149.596229867
181,167.24862361
182,172.332676454
183,177.237887514
184,175.319568848
185,159.515524252
186,165.681865117
187,174.114005593
188,199.950702931
189,190.50658513
190,194.341101116
191,201.254540108
192,186.482809142
193,198.673361204
194,194.300329587
195,208.349361151
196,201.422091061
197,201.443089799
198,213.283303778
199,220.51618241
200,211.615614821
